{"cameraMode":{"drawMode":0,"name":"Shaded","section":"Shading Mode"},"sceneLighting":false,"audioPlay":false,"sceneViewState":{"showFog":true,"showMaterialUpdate":false,"showSkybox":false,"showFlares":true,"showImageEffects":true,"showParticleSystems":true},"in2DMode":false,"pivot":{"x":-0.003789067268371582,"y":0.07881945371627808,"z":0.11618661880493164},"rotation":{"x":-0.3295176923274994,"y":0.3328040838241577,"z":-0.12537963688373567,"w":-0.8746081590652466},"size":1.2490043640136719,"orthographic":false}