{"cameraMode":{"drawMode":0,"name":"Shaded","section":"Shading Mode"},"sceneLighting":false,"audioPlay":false,"sceneViewState":{"showFog":true,"showMaterialUpdate":false,"showSkybox":false,"showFlares":true,"showImageEffects":true,"showParticleSystems":true},"in2DMode":false,"pivot":{"x":-0.026383399963378907,"y":0.3070223927497864,"z":-0.4174262285232544},"rotation":{"x":0.012270401231944561,"y":0.7397100329399109,"z":-0.0135873444378376,"w":0.672676682472229},"size":2.5765981674194338,"orthographic":false}