{"cameraMode":{"drawMode":0,"name":"Shaded","section":"Shading Mode"},"sceneLighting":false,"audioPlay":false,"sceneViewState":{"showFog":true,"showMaterialUpdate":false,"showSkybox":false,"showFlares":true,"showImageEffects":true,"showParticleSystems":true},"in2DMode":false,"pivot":{"x":0.05826931446790695,"y":0.27279478311538699,"z":0.08758989721536637},"rotation":{"x":-0.22118790447711945,"y":0.5140581727027893,"z":-0.13900502026081086,"w":-0.8170053362846375},"size":3.9914419651031496,"orthographic":false}