{"cameraMode":{"drawMode":0,"name":"Shaded","section":"Shading Mode"},"sceneLighting":true,"audioPlay":false,"sceneViewState":{"showFog":true,"showMaterialUpdate":false,"showSkybox":true,"showFlares":true,"showImageEffects":true,"showParticleSystems":true},"in2DMode":false,"pivot":{"x":0.9700000286102295,"y":0.3310000002384186,"z":1.0},"rotation":{"x":-0.23502850532531739,"y":-0.4485152065753937,"z":0.12367189675569534,"w":-0.8534055948257446},"size":7.013631343841553,"orthographic":false}