{"cameraMode":{"drawMode":0,"name":"Shaded","section":"Shading Mode"},"sceneLighting":true,"audioPlay":false,"sceneViewState":{"showFog":true,"showMaterialUpdate":false,"showSkybox":true,"showFlares":true,"showImageEffects":true,"showParticleSystems":true},"in2DMode":false,"pivot":{"x":1.1448888778686524,"y":0.45552539825439455,"z":-3.085606575012207},"rotation":{"x":0.285244882106781,"y":0.5779315233230591,"z":-0.22574667632579804,"w":0.7305265069007874},"size":10.837027549743653,"orthographic":false}