{"cameraMode":{"drawMode":0,"name":"Shaded","section":"Shading Mode"},"sceneLighting":true,"audioPlay":false,"sceneViewState":{"showFog":true,"showMaterialUpdate":false,"showSkybox":true,"showFlares":true,"showImageEffects":true,"showParticleSystems":true},"in2DMode":false,"pivot":{"x":-0.02084529399871826,"y":0.19798290729522706,"z":0.3893378973007202},"rotation":{"x":-0.18354128301143647,"y":-0.6761647462844849,"z":0.17974722385406495,"w":-0.6905105113983154},"size":1.9779727458953858,"orthographic":false}