{"cameraMode":{"drawMode":0,"name":"Shaded","section":"Shading Mode"},"sceneLighting":true,"audioPlay":false,"sceneViewState":{"showFog":true,"showMaterialUpdate":false,"showSkybox":true,"showFlares":true,"showImageEffects":true,"showParticleSystems":true},"in2DMode":false,"pivot":{"x":-1.593000054359436,"y":1.4839999675750733,"z":-1.593000054359436},"rotation":{"x":0.0734172835946083,"y":0.9182446002960205,"z":-0.20323508977890016,"w":0.3318619728088379},"size":8.529160499572754,"orthographic":false}