{"cameraMode":{"drawMode":0,"name":"Shaded","section":"Shading Mode"},"sceneLighting":false,"audioPlay":false,"sceneViewState":{"showFog":true,"showMaterialUpdate":false,"showSkybox":false,"showFlares":true,"showImageEffects":true,"showParticleSystems":true},"in2DMode":false,"pivot":{"x":8.530914783477783e-7,"y":0.7150000333786011,"z":-0.44999808073043826},"rotation":{"x":0.03130395710468292,"y":0.8599079847335815,"z":-0.05324982851743698,"w":0.506697952747345},"size":2.5765981674194338,"orthographic":false}