{"cameraMode":{"drawMode":0,"name":"Shaded","section":"Shading Mode"},"sceneLighting":false,"audioPlay":false,"sceneViewState":{"showFog":true,"showMaterialUpdate":false,"showSkybox":false,"showFlares":true,"showImageEffects":true,"showParticleSystems":true},"in2DMode":false,"pivot":{"x":0.396175742149353,"y":1.2033143043518067,"z":0.784998893737793},"rotation":{"x":-0.059525709599256518,"y":-0.15597893297672273,"z":0.009447438642382622,"w":-0.9859198927879334},"size":4.417991638183594,"orthographic":false}