{"cameraMode":{"drawMode":0,"name":"Shaded","section":"Shading Mode"},"sceneLighting":false,"audioPlay":false,"sceneViewState":{"showFog":true,"showMaterialUpdate":false,"showSkybox":false,"showFlares":true,"showImageEffects":true,"showParticleSystems":true},"in2DMode":false,"pivot":{"x":0.0,"y":-0.05000000447034836,"z":3.624000072479248},"rotation":{"x":0.15460078418254853,"y":-0.7444358468055725,"z":0.18476511538028718,"w":0.6227163076400757},"size":5.932500839233398,"orthographic":false}