{"cameraMode":{"drawMode":0,"name":"Shaded","section":"Shading Mode"},"sceneLighting":false,"audioPlay":false,"sceneViewState":{"showFog":true,"showMaterialUpdate":false,"showSkybox":false,"showFlares":true,"showImageEffects":true,"showParticleSystems":true},"in2DMode":false,"pivot":{"x":3.725290298461914e-9,"y":7.450580596923828e-9,"z":-3.725290298461914e-9},"rotation":{"x":0.13185735046863557,"y":-0.8086240291595459,"z":0.1981402188539505,"w":0.5380345582962036},"size":0.2858019769191742,"orthographic":false}